symbol,sector
AEM.TO,Basic Materials
ATD.TO,Consumer Cyclical
BMO.TO,Financial Services
BNS.TO,Financial Services
ABX.TO,Basic Materials
BCE.TO,Communication Services
BAM.TO,Financial Services
BN.TO,Financial Services
BIP-UN.TO,Utilities
CAE.TO,Industrials
CCO.TO,Energy
CM.TO,Financial Services
CNR.TO,Industrials
CNQ.TO,Energy
CP.TO,Industrials
CTC-A.TO,Consumer Cyclical
CCL-B.TO,Consumer Cyclical
CLS.TO,Information Technology
CVE.TO,Energy
GIB-A.TO,Information Technology
CSU.TO,Information Technology
DOL.TO,Consumer Staples
EMA.TO,Utilities
ENB.TO,Energy
FFH.TO,Financial Services
FM.TO,Basic Materials
FSV.TO,Real Estate
FTS.TO,Utilities
FNV.TO,Basic Materials
WN.TO,Consumer Staples
GIL.TO,Consumer Cyclical
H.TO,Utilities
IMO.TO,Energy
IFC.TO,Financial Services
K.TO,Basic Materials
L.TO,Consumer Staples
MG.TO,Consumer Cyclical
MFC.TO,Financial Services
MRU.TO,Consumer Staples
nan.TO,Financial Services
NTR.TO,Basic Materials
OTEX.TO,Information Technology
PPL.TO,Energy
POW.TO,Financial Services
QSR.TO,Consumer Cyclical
RCI-B.TO,Communication Services
RY.TO,Financial Services
SAP.TO,Consumer Staples
SHOP.TO,Information Technology
SLF.TO,Financial Services
SU.TO,Energy
TRP.TO,Energy
TECK-B.TO,Basic Materials
T.TO,Communication Services
TRI.TO,Industrials
TD.TO,Financial Services
TOU.TO,Energy
WCN.TO,Industrials
WPM.TO,Basic Materials
WSP.TO,Industrials
